{"joined_auth_1.099e-02": {"params": {"ASPIRATION": [0, 60, 0, 30, 60, 60], "ALPHA": [0.20000000000000004, 0.30000000000000004, 0.5, 0.0, 0.0, 0.1], "BETA": [0.4, 0.7000000000000001, 0.0, 0.0, 0.30000000000000004, 0.5], "PNB_VALUE": [30, 25, 30, 25, 30, 20], "GLOB_VALUE": [14.0, 14.0, 14.0, 14.0, 14.0, 14.0]}, "energy": 0.010986562569130399}, "joined_non_auth_1.099e-02": {"params": {"ASPIRATION": [0, 60, 0, 30, 60, 60], "ALPHA": [0.5, 0.6, 0.30000000000000004, 0.20000000000000004, 0.6, 0.20000000000000004], "BETA": [0.4, 0.0, 0.5, 0.1, 0.0, 0.0], "PNB_VALUE": [30, 25, 30, 25, 30, 20], "GLOB_VALUE": [14.0, 14.0, 14.0, 14.0, 14.0, 14.0]}, "energy": 0.010986562569130399}, "joined_auth_7.741e-03": {"params": {"ASPIRATION": [30, 60, 0, 0, 60, 0], "ALPHA": [0.0, 0.6000000000000001, 0.0, 0.6000000000000001, 0.9, 0.8], "BETA": [0.8, 0.1, 0.7000000000000001, 0.09999999999999998, 0.09999999999999998, 0.0], "PNB_VALUE": [15, 15, 20, 15, 30, 25], "GLOB_VALUE": [14.0, 14.0, 14.0, 14.0, 14.0, 14.0]}, "energy": 0.007740784426960379}, "joined_non_auth_7.741e-03": {"params": {"ASPIRATION": [30, 60, 0, 0, 60, 0], "ALPHA": [0.7000000000000001, 0.7000000000000001, 0.8, 0.8, 0.8, 0.9], "BETA": [0.09999999999999998, 0.1, 0.0, 0.0, 0.0, 0.0], "PNB_VALUE": [15, 15, 20, 15, 30, 25], "GLOB_VALUE": [14.0, 14.0, 14.0, 14.0, 14.0, 14.0]}, "energy": 0.007740784426960379}, "joined_auth_1.022e-02": {"params": {"ASPIRATION": [30, 60, 60, 60, 30, 30], "ALPHA": [0.0, 0.30000000000000004, 0.8, 0.2, 0.9, 0.2], "BETA": [0.1, 0.4, 0.0, 0.8, 0.0, 0.30000000000000004], "PNB_VALUE": [25, 30, 30, 30, 25, 10], "GLOB_VALUE": [14.0, 14.0, 14.0, 14.0, 14.0, 14.0]}, "energy": 0.010219125291834257}, "joined_non_auth_1.022e-02": {"params": {"ASPIRATION": [30, 60, 60, 60, 30, 30], "ALPHA": [0.5, 0.30000000000000004, 0.0, 0.6, 0.1, 0.1], "BETA": [0.0, 0.30000000000000004, 0.0, 0.0, 0.0, 0.4], "PNB_VALUE": [25, 30, 30, 30, 25, 10], "GLOB_VALUE": [14.0, 14.0, 14.0, 14.0, 14.0, 14.0]}, "energy": 0.010219125291834257}, "joined_auth_9.699e-03": {"params": {"ASPIRATION": [30, 90, 30, 180, 90, 0], "ALPHA": [0.1, 0.30000000000000004, 0.0, 0.9, 0.5000000000000001, 0.0], "BETA": [0.30000000000000004, 0.1, 0.4, 0.0, 0.0, 0.4], "PNB_VALUE": [30, 20, 20, 25, 30, 25], "GLOB_VALUE": [14.0, 14.0, 14.0, 14.0, 14.0, 14.0]}, "energy": 0.00969920166607624}, "joined_non_auth_9.699e-03": {"params": {"ASPIRATION": [30, 90, 30, 180, 90, 0], "ALPHA": [0.8, 0.8, 0.7999999999999999, 0.8, 0.8, 0.7999999999999999], "BETA": [0.0, 0.0, 0.0, 0.1, 0.09999999999999998, 0.0], "PNB_VALUE": [30, 20, 20, 25, 30, 25], "GLOB_VALUE": [14.0, 14.0, 14.0, 14.0, 14.0, 14.0]}, "energy": 0.00969920166607624}, "joined_auth_9.141e-03": {"params": {"ASPIRATION": [270, 0, 30, 60, 30, 0], "ALPHA": [0.0, 0.20000000000000004, 0.2, 0.20000000000000015, 0.1, 0.1], "BETA": [0.30000000000000004, 0.1, 0.6000000000000001, 0.0, 0.0, 0.9], "PNB_VALUE": [15, 25, 5, 30, 25, 20], "GLOB_VALUE": [14.0, 14.0, 14.0, 14.0, 14.0, 14.0]}, "energy": 0.009140531540284793}, "joined_non_auth_9.141e-03": {"params": {"ASPIRATION": [270, 0, 30, 60, 30, 0], "ALPHA": [0.6, 0.20000000000000004, 0.30000000000000004, 0.7, 0.30000000000000004, 0.6], "BETA": [0.4, 0.1, 0.1, 0.2, 0.4, 0.0], "PNB_VALUE": [15, 25, 5, 30, 25, 20], "GLOB_VALUE": [14.0, 14.0, 14.0, 14.0, 14.0, 14.0]}, "energy": 0.009140531540284793}, "joined_auth_1.131e-02": {"params": {"ASPIRATION": [0, 30, 30, 0, 0, 90], "ALPHA": [0.30000000000000004, 0.2, 0.1, 0.6, 0.8, 0.5], "BETA": [0.30000000000000004, 0.1, 0.9, 0.0, 0.0, 0.30000000000000004], "PNB_VALUE": [30, 30, 5, 25, 10, 15], "GLOB_VALUE": [14.0, 14.0, 14.0, 14.0, 14.0, 14.0]}, "energy": 0.01131395533522738}, "joined_non_auth_1.131e-02": {"params": {"ASPIRATION": [0, 30, 30, 0, 0, 90], "ALPHA": [0.1, 0.7000000000000001, 0.9, 0.5, 0.20000000000000004, 0.10000000000000003], "BETA": [0.0, 0.0, 0.0, 0.1, 0.30000000000000004, 0.1], "PNB_VALUE": [30, 30, 5, 25, 10, 15], "GLOB_VALUE": [14.0, 14.0, 14.0, 14.0, 14.0, 14.0]}, "energy": 0.01131395533522738}, "joined_auth_1.362e-02": {"params": {"ASPIRATION": [270, 210, 120, 0, 120, 90], "ALPHA": [0.8, 0.20000000000000004, 0.40000000000000013, 0.6000000000000001, 0.5000000000000001, 0.6000000000000001], "BETA": [0.19999999999999996, 0.7999999999999999, 0.0, 0.09999999999999998, 0.1, 0.1], "PNB_VALUE": [25, 10, 30, 15, 10, 0], "GLOB_VALUE": [14.0, 14.0, 14.0, 14.0, 14.0, 14.0]}, "energy": 0.013623151513147991}, "joined_non_auth_1.362e-02": {"params": {"ASPIRATION": [270, 210, 120, 0, 120, 90], "ALPHA": [0.1, 0.10000000000000003, 0.6000000000000001, 0.8, 0.20000000000000004, 0.6000000000000001], "BETA": [0.0, 0.4, 0.0, 0.2, 0.7000000000000001, 0.0], "PNB_VALUE": [25, 10, 30, 15, 10, 0], "GLOB_VALUE": [14.0, 14.0, 14.0, 14.0, 14.0, 14.0]}, "energy": 0.013623151513147991}, "joined_auth_1.303e-02": {"params": {"ASPIRATION": [120, 120, 120, 120, 120, 0], "ALPHA": [0.9, 0.6, 0.9, 0.1, 0.2, 0.5], "BETA": [0.0, 0.30000000000000004, 0.0, 0.9, 0.0, 0.30000000000000004], "PNB_VALUE": [25, 30, 30, 25, 20, 30], "GLOB_VALUE": [14.0, 14.0, 14.0, 14.0, 14.0, 14.0]}, "energy": 0.013028889014005108}, "joined_non_auth_1.303e-02": {"params": {"ASPIRATION": [120, 120, 120, 120, 120, 0], "ALPHA": [0.0, 0.4, 0.1, 0.7000000000000001, 0.4, 0.30000000000000004], "BETA": [0.4, 0.30000000000000004, 0.2, 0.30000000000000004, 0.0, 0.0], "PNB_VALUE": [25, 30, 30, 25, 20, 30], "GLOB_VALUE": [14.0, 14.0, 14.0, 14.0, 14.0, 14.0]}, "energy": 0.013028889014005108}, "joined_auth_1.389e-02": {"params": {"ASPIRATION": [120, 90, 300, 150, 90, 30], "ALPHA": [0.30000000000000004, 0.2, 0.1, 0.10000000000000003, 0.1, 0.30000000000000004], "BETA": [0.2, 0.0, 0.6000000000000001, 0.7, 0.30000000000000004, 0.7], "PNB_VALUE": [10, 25, 30, 20, 30, 20], "GLOB_VALUE": [14.0, 14.0, 14.0, 14.0, 14.0, 14.0]}, "energy": 0.013893372610200643}, "joined_non_auth_1.389e-02": {"params": {"ASPIRATION": [120, 90, 300, 150, 90, 30], "ALPHA": [0.1, 0.2, 0.20000000000000004, 0.1, 0.30000000000000004, 0.4], "BETA": [0.4, 0.0, 0.0, 0.2, 0.0, 0.0], "PNB_VALUE": [10, 25, 30, 20, 30, 20], "GLOB_VALUE": [14.0, 14.0, 14.0, 14.0, 14.0, 14.0]}, "energy": 0.013893372610200643}}