{"non_auth_free": {"params": {"ASPIRATION": [80, 50, 70, 40, 80, 0], "ALPHA": [0.30000000000000004, 0.4, 0.8, 0.4, 0.7000000000000001, 0.7000000000000001], "BETA": [0.1, 0.0, 0.0, 0.0, 0.0, 0.0], "PNB_VALUE": [20, 25, 5, 20, 15, 30], "GLOB_VALUE": [14.0, 14.0, 14.0, 14.0, 14.0, 14.0]}, "energy": 0.007051904214676174}, "auth_free": {"params": {"ASPIRATION": [180, 30, 30, 30, 60, 0], "ALPHA": [0.8, 0.1, 0.7, 0.20000000000000004, 0.5, 0.0], "BETA": [0.1, 0.9, 0.2, 0.1, 0.0, 0.2], "PNB_VALUE": [25, 10, 30, 25, 30, 15], "GLOB_VALUE": [14.0, 14.0, 14.0, 14.0, 14.0, 14.0]}, "energy": 0.006000577932192688}, "non_auth": {"params": {"ASPIRATION": [20, 0, 50, 100, 20, 0], "ALPHA": [0.4, 0.7000000000000001, 0.0, 0.5, 0.5, 0.6000000000000001], "BETA": [0.0, 0.0, 0.0, 0.0, 0.0, 0.0], "PNB_VALUE": [15, 30, 5, 20, 20, 25], "GLOB_VALUE": [14.0, 14.0, 14.0, 14.0, 14.0, 14.0]}, "energy": 0.003401402397908284}, "joined_0": {"params": {"ASPIRATION": [90, 0, 0, 30, 120, 60], "ALPHA": [0.5, 0.30000000000000004, 0.8, 0.7000000000000001, 0.6000000000000001, 0.5000000000000001], "BETA": [0.4, 0.7000000000000001, 0.1, 0.30000000000000004, 0.2, 0.0], "PNB_VALUE": [20, 20, 15, 30, 0, 25], "GLOB_VALUE": [14.0, 14.0, 14.0, 14.0, 14.0, 14.0]}, "energy": 0.010639385619163829}, 



