{"joined_auth_2.110e-02": {"params": {"ASPIRATION": [120, 150, 0, 90, 120, 120], "ALPHA": [0.0, 0.7000000000000001, 0.30000000000000004, 0.9, 0.6000000000000001, 0.1], "BETA": [0.7000000000000001, 0.1, 0.7, 0.0, 0.1, 0.6000000000000001], "PNB_VALUE": [30, 25, 15, 30, 20, 25], "GLOB_VALUE": [14.0, 14.0, 14.0, 14.0, 14.0, 14.0]}, "energy": 0.021099492663142157}, "joined_non_auth_2.110e-02": {"params": {"ASPIRATION": [120, 150, 0, 90, 120, 120], "ALPHA": [0.8, 0.7, 0.7000000000000001, 1.0, 0.5, 0.20000000000000004], "BETA": [0.0, 0.2, 0.1, 0.0, 0.0, 0.0], "PNB_VALUE": [30, 25, 15, 30, 20, 25], "GLOB_VALUE": [14.0, 14.0, 14.0, 14.0, 14.0, 14.0]}, "energy": 0.021099492663142157}}