{"joined_auth_7.747e-03": {"params": {"ASPIRATION": [30, 120, 90, 30, 60, 0], "ALPHA": [0.20000000000000004, 0.2, 0.0, 0.9, 2.7755575615628914e-17, 0.0], "BETA": [0.30000000000000004, 0.2, 0.1, 0.0, 0.5, 0.4], "PNB_VALUE": [20, 25, 15, 30, 10, 0], "GLOB_VALUE": [14.0, 14.0, 14.0, 14.0, 14.0, 14.0]}, "energy": 0.007746730268937545}, "joined_non_auth_7.747e-03": {"params": {"ASPIRATION": [30, 120, 90, 30, 60, 0], "ALPHA": [0.4, 0.8999999999999999, 0.6, 0.7000000000000001, 0.0, 0.6], "BETA": [0.30000000000000004, 0.10000000000000009, 0.0, 0.0, 0.2, 0.1], "PNB_VALUE": [20, 25, 15, 30, 10, 0], "GLOB_VALUE": [14.0, 14.0, 14.0, 14.0, 14.0, 14.0]}, "energy": 0.007746730268937545}}